/* entity types */
INSERT INTO text(id, default_value) VALUES (1, 'Country');
INSERT INTO entity_type(id, code, text_id) VALUES (1, 'country', 1);

INSERT INTO text(id, default_value) VALUES (2, 'Crisis');
INSERT INTO entity_type(id, code, text_id) VALUES (2, 'crisis', 2);

/* countries */
INSERT INTO text(id, default_value) VALUES (3, 'AFGHANISTAN');
INSERT INTO entity(id, code, text_id, entity_type_id) VALUES (1, 'AFG', 3, 1);
INSERT INTO text(id, default_value) VALUES (4, 'ALBANIA');
INSERT INTO entity(id, code, text_id, entity_type_id) VALUES (2, 'ALB', 4, 1);
INSERT INTO text(id, default_value) VALUES (5, 'ALGERIA');
INSERT INTO entity(id, code, text_id, entity_type_id) VALUES (3, 'DZA', 5, 1);
INSERT INTO text(id, default_value) VALUES (6, 'AMERICAN SAMOA');
INSERT INTO entity(id, code, text_id, entity_type_id) VALUES (4, 'ASM', 6, 1);
INSERT INTO text(id, default_value) VALUES (7, 'ANDORRA');
INSERT INTO entity(id, code, text_id, entity_type_id) VALUES (5, 'AND', 7, 1);
INSERT INTO text(id, default_value) VALUES (8, 'ANGOLA');
INSERT INTO entity(id, code, text_id, entity_type_id) VALUES (6, 'AGO', 8, 1);
INSERT INTO text(id, default_value) VALUES (9, 'ANGUILLA');
INSERT INTO entity(id, code, text_id, entity_type_id) VALUES (7, 'AIA', 9, 1);
INSERT INTO text(id, default_value) VALUES (10, 'ANTARCTICA');
INSERT INTO entity(id, code, text_id, entity_type_id) VALUES (8, 'ATA', 10, 1);
INSERT INTO text(id, default_value) VALUES (11, 'ANTIGUA AND BARBUDA');
INSERT INTO entity(id, code, text_id, entity_type_id) VALUES (9, 'ATG', 11, 1);
INSERT INTO text(id, default_value) VALUES (12, 'ARGENTINA');
INSERT INTO entity(id, code, text_id, entity_type_id) VALUES (10, 'ARG', 12, 1);
INSERT INTO text(id, default_value) VALUES (13, 'ARMENIA');
INSERT INTO entity(id, code, text_id, entity_type_id) VALUES (11, 'ARM', 13, 1);
INSERT INTO text(id, default_value) VALUES (14, 'ARUBA');
INSERT INTO entity(id, code, text_id, entity_type_id) VALUES (12, 'ABW', 14, 1);
INSERT INTO text(id, default_value) VALUES (15, 'AUSTRALIA');
INSERT INTO entity(id, code, text_id, entity_type_id) VALUES (13, 'AUS', 15, 1);
INSERT INTO text(id, default_value) VALUES (16, 'AUSTRIA');
INSERT INTO entity(id, code, text_id, entity_type_id) VALUES (14, 'AUT', 16, 1);
INSERT INTO text(id, default_value) VALUES (17, 'AZERBAIJAN');
INSERT INTO entity(id, code, text_id, entity_type_id) VALUES (15, 'AZE', 17, 1);
INSERT INTO text(id, default_value) VALUES (18, 'BAHAMAS');
INSERT INTO entity(id, code, text_id, entity_type_id) VALUES (16, 'BHS', 18, 1);
INSERT INTO text(id, default_value) VALUES (19, 'BAHRAIN');
INSERT INTO entity(id, code, text_id, entity_type_id) VALUES (17, 'BHR', 19, 1);
INSERT INTO text(id, default_value) VALUES (20, 'BANGLADESH');
INSERT INTO entity(id, code, text_id, entity_type_id) VALUES (18, 'BGD', 20, 1);
INSERT INTO text(id, default_value) VALUES (21, 'BARBADOS');
INSERT INTO entity(id, code, text_id, entity_type_id) VALUES (19, 'BRB', 21, 1);
INSERT INTO text(id, default_value) VALUES (22, 'BELARUS');
INSERT INTO entity(id, code, text_id, entity_type_id) VALUES (20, 'BLR', 22, 1);
INSERT INTO text(id, default_value) VALUES (23, 'BELGIUM');
INSERT INTO entity(id, code, text_id, entity_type_id) VALUES (21, 'BEL', 23, 1);
INSERT INTO text(id, default_value) VALUES (24, 'BELIZE');
INSERT INTO entity(id, code, text_id, entity_type_id) VALUES (22, 'BLZ', 24, 1);
INSERT INTO text(id, default_value) VALUES (25, 'BENIN');
INSERT INTO entity(id, code, text_id, entity_type_id) VALUES (23, 'BEN', 25, 1);
INSERT INTO text(id, default_value) VALUES (26, 'BERMUDA');
INSERT INTO entity(id, code, text_id, entity_type_id) VALUES (24, 'BMU', 26, 1);
INSERT INTO text(id, default_value) VALUES (27, 'BHUTAN');
INSERT INTO entity(id, code, text_id, entity_type_id) VALUES (25, 'BTN', 27, 1);
INSERT INTO text(id, default_value) VALUES (28, 'BOLIVIA');
INSERT INTO entity(id, code, text_id, entity_type_id) VALUES (26, 'BOL', 28, 1);
INSERT INTO text(id, default_value) VALUES (29, 'BOSNIA AND HERZEGOWINA');
INSERT INTO entity(id, code, text_id, entity_type_id) VALUES (27, 'BIH', 29, 1);
INSERT INTO text(id, default_value) VALUES (30, 'BOTSWANA');
INSERT INTO entity(id, code, text_id, entity_type_id) VALUES (28, 'BWA', 30, 1);
INSERT INTO text(id, default_value) VALUES (31, 'BOUVET ISLAND');
INSERT INTO entity(id, code, text_id, entity_type_id) VALUES (29, 'BVT', 31, 1);
INSERT INTO text(id, default_value) VALUES (32, 'BRAZIL');
INSERT INTO entity(id, code, text_id, entity_type_id) VALUES (30, 'BRA', 32, 1);
INSERT INTO text(id, default_value) VALUES (33, 'BRITISH INDIAN OCEAN TERRITORY');
INSERT INTO entity(id, code, text_id, entity_type_id) VALUES (31, 'IOT', 33, 1);
INSERT INTO text(id, default_value) VALUES (34, 'BRUNEI DARUSSALAM');
INSERT INTO entity(id, code, text_id, entity_type_id) VALUES (32, 'BRN', 34, 1);
INSERT INTO text(id, default_value) VALUES (35, 'BULGARIA');
INSERT INTO entity(id, code, text_id, entity_type_id) VALUES (33, 'BGR', 35, 1);
INSERT INTO text(id, default_value) VALUES (36, 'BURKINA FASO');
INSERT INTO entity(id, code, text_id, entity_type_id) VALUES (34, 'BFA', 36, 1);
INSERT INTO text(id, default_value) VALUES (37, 'BURUNDI');
INSERT INTO entity(id, code, text_id, entity_type_id) VALUES (35, 'BDI', 37, 1);
INSERT INTO text(id, default_value) VALUES (38, 'CAMBODIA');
INSERT INTO entity(id, code, text_id, entity_type_id) VALUES (36, 'KHM', 38, 1);
INSERT INTO text(id, default_value) VALUES (39, 'CAMEROON');
INSERT INTO entity(id, code, text_id, entity_type_id) VALUES (37, 'CMR', 39, 1);
INSERT INTO text(id, default_value) VALUES (40, 'CANADA');
INSERT INTO entity(id, code, text_id, entity_type_id) VALUES (38, 'CAN', 40, 1);
INSERT INTO text(id, default_value) VALUES (41, 'CAPE VERDE');
INSERT INTO entity(id, code, text_id, entity_type_id) VALUES (39, 'CPV', 41, 1);
INSERT INTO text(id, default_value) VALUES (42, 'CAYMAN ISLANDS');
INSERT INTO entity(id, code, text_id, entity_type_id) VALUES (40, 'CYM', 42, 1);
INSERT INTO text(id, default_value) VALUES (43, 'CENTRAL AFRICAN REPUBLIC');
INSERT INTO entity(id, code, text_id, entity_type_id) VALUES (41, 'CAF', 43, 1);
INSERT INTO text(id, default_value) VALUES (44, 'CHAD');
INSERT INTO entity(id, code, text_id, entity_type_id) VALUES (42, 'TCD', 44, 1);
INSERT INTO text(id, default_value) VALUES (45, 'CHILE');
INSERT INTO entity(id, code, text_id, entity_type_id) VALUES (43, 'CHL', 45, 1);
INSERT INTO text(id, default_value) VALUES (46, 'CHINA');
INSERT INTO entity(id, code, text_id, entity_type_id) VALUES (44, 'CHN', 46, 1);
INSERT INTO text(id, default_value) VALUES (47, 'CHRISTMAS ISLAND');
INSERT INTO entity(id, code, text_id, entity_type_id) VALUES (45, 'CXR', 47, 1);
INSERT INTO text(id, default_value) VALUES (48, 'COCOS (KEELING) ISLANDS');
INSERT INTO entity(id, code, text_id, entity_type_id) VALUES (46, 'CCK', 48, 1);
INSERT INTO text(id, default_value) VALUES (49, 'COLOMBIA');
INSERT INTO entity(id, code, text_id, entity_type_id) VALUES (47, 'COL', 49, 1);
INSERT INTO text(id, default_value) VALUES (50, 'COMOROS');
INSERT INTO entity(id, code, text_id, entity_type_id) VALUES (48, 'COM', 50, 1);
INSERT INTO text(id, default_value) VALUES (51, 'CONGO');
INSERT INTO entity(id, code, text_id, entity_type_id) VALUES (49, 'COG', 51, 1);
INSERT INTO text(id, default_value) VALUES (52, 'CONGO, THE DRC');
INSERT INTO entity(id, code, text_id, entity_type_id) VALUES (50, 'COD', 52, 1);
INSERT INTO text(id, default_value) VALUES (53, 'COOK ISLANDS');
INSERT INTO entity(id, code, text_id, entity_type_id) VALUES (51, 'COK', 53, 1);
INSERT INTO text(id, default_value) VALUES (54, 'COSTA RICA');
INSERT INTO entity(id, code, text_id, entity_type_id) VALUES (52, 'CRI', 54, 1);
INSERT INTO text(id, default_value) VALUES (55, 'COTE D''IVOIRE');
INSERT INTO entity(id, code, text_id, entity_type_id) VALUES (53, 'CIV', 55, 1);
INSERT INTO text(id, default_value) VALUES (56, 'CROATIA (local name: Hrvatska)');
INSERT INTO entity(id, code, text_id, entity_type_id) VALUES (54, 'HRV', 56, 1);
INSERT INTO text(id, default_value) VALUES (57, 'CUBA');
INSERT INTO entity(id, code, text_id, entity_type_id) VALUES (55, 'CUB', 57, 1);
INSERT INTO text(id, default_value) VALUES (58, 'CYPRUS');
INSERT INTO entity(id, code, text_id, entity_type_id) VALUES (56, 'CYP', 58, 1);
INSERT INTO text(id, default_value) VALUES (59, 'CZECH REPUBLIC');
INSERT INTO entity(id, code, text_id, entity_type_id) VALUES (57, 'CZE', 59, 1);
INSERT INTO text(id, default_value) VALUES (60, 'DENMARK');
INSERT INTO entity(id, code, text_id, entity_type_id) VALUES (58, 'DNK', 60, 1);
INSERT INTO text(id, default_value) VALUES (61, 'DJIBOUTI');
INSERT INTO entity(id, code, text_id, entity_type_id) VALUES (59, 'DJI', 61, 1);
INSERT INTO text(id, default_value) VALUES (62, 'DOMINICA');
INSERT INTO entity(id, code, text_id, entity_type_id) VALUES (60, 'DMA', 62, 1);
INSERT INTO text(id, default_value) VALUES (63, 'DOMINICAN REPUBLIC');
INSERT INTO entity(id, code, text_id, entity_type_id) VALUES (61, 'DOM', 63, 1);
INSERT INTO text(id, default_value) VALUES (64, 'EAST TIMOR');
INSERT INTO entity(id, code, text_id, entity_type_id) VALUES (62, 'TMP', 64, 1);
INSERT INTO text(id, default_value) VALUES (65, 'ECUADOR');
INSERT INTO entity(id, code, text_id, entity_type_id) VALUES (63, 'ECU', 65, 1);
INSERT INTO text(id, default_value) VALUES (66, 'EGYPT');
INSERT INTO entity(id, code, text_id, entity_type_id) VALUES (64, 'EGY', 66, 1);
INSERT INTO text(id, default_value) VALUES (67, 'EL SALVADOR');
INSERT INTO entity(id, code, text_id, entity_type_id) VALUES (65, 'SLV', 67, 1);
INSERT INTO text(id, default_value) VALUES (68, 'EQUATORIAL GUINEA');
INSERT INTO entity(id, code, text_id, entity_type_id) VALUES (66, 'GNQ', 68, 1);
INSERT INTO text(id, default_value) VALUES (69, 'ERITREA');
INSERT INTO entity(id, code, text_id, entity_type_id) VALUES (67, 'ERI', 69, 1);
INSERT INTO text(id, default_value) VALUES (70, 'ESTONIA');
INSERT INTO entity(id, code, text_id, entity_type_id) VALUES (68, 'EST', 70, 1);
INSERT INTO text(id, default_value) VALUES (71, 'ETHIOPIA');
INSERT INTO entity(id, code, text_id, entity_type_id) VALUES (69, 'ETH ', 71, 1);
INSERT INTO text(id, default_value) VALUES (72, 'FALKLAND ISLANDS (MALVINAS)');
INSERT INTO entity(id, code, text_id, entity_type_id) VALUES (70, 'FLK', 72, 1);
INSERT INTO text(id, default_value) VALUES (73, 'FAROE ISLANDS');
INSERT INTO entity(id, code, text_id, entity_type_id) VALUES (71, 'FRO', 73, 1);
INSERT INTO text(id, default_value) VALUES (74, 'FIJI');
INSERT INTO entity(id, code, text_id, entity_type_id) VALUES (72, 'FJI', 74, 1);
INSERT INTO text(id, default_value) VALUES (75, 'FINLAND');
INSERT INTO entity(id, code, text_id, entity_type_id) VALUES (73, 'FIN', 75, 1);
INSERT INTO text(id, default_value) VALUES (76, 'FRANCE');
INSERT INTO entity(id, code, text_id, entity_type_id) VALUES (74, 'FRA', 76, 1);
INSERT INTO text(id, default_value) VALUES (77, 'FRANCE, METROPOLITAN');
INSERT INTO entity(id, code, text_id, entity_type_id) VALUES (75, 'FXX', 77, 1);
INSERT INTO text(id, default_value) VALUES (78, 'FRENCH GUIANA');
INSERT INTO entity(id, code, text_id, entity_type_id) VALUES (76, 'GUF', 78, 1);
INSERT INTO text(id, default_value) VALUES (79, 'FRENCH POLYNESIA');
INSERT INTO entity(id, code, text_id, entity_type_id) VALUES (77, 'PYF', 79, 1);
INSERT INTO text(id, default_value) VALUES (80, 'FRENCH SOUTHERN TERRITORIES');
INSERT INTO entity(id, code, text_id, entity_type_id) VALUES (78, 'ATF', 80, 1);
INSERT INTO text(id, default_value) VALUES (81, 'GABON');
INSERT INTO entity(id, code, text_id, entity_type_id) VALUES (79, 'GAB', 81, 1);
INSERT INTO text(id, default_value) VALUES (82, 'GAMBIA');
INSERT INTO entity(id, code, text_id, entity_type_id) VALUES (80, 'GMB', 82, 1);
INSERT INTO text(id, default_value) VALUES (83, 'GEORGIA');
INSERT INTO entity(id, code, text_id, entity_type_id) VALUES (81, 'GEO', 83, 1);
INSERT INTO text(id, default_value) VALUES (84, 'GERMANY');
INSERT INTO entity(id, code, text_id, entity_type_id) VALUES (82, 'DEU', 84, 1);
INSERT INTO text(id, default_value) VALUES (85, 'GHANA');
INSERT INTO entity(id, code, text_id, entity_type_id) VALUES (83, 'GHA', 85, 1);
INSERT INTO text(id, default_value) VALUES (86, 'GIBRALTAR');
INSERT INTO entity(id, code, text_id, entity_type_id) VALUES (84, 'GIB', 86, 1);
INSERT INTO text(id, default_value) VALUES (87, 'GREECE');
INSERT INTO entity(id, code, text_id, entity_type_id) VALUES (85, 'GRC', 87, 1);
INSERT INTO text(id, default_value) VALUES (88, 'GREENLAND');
INSERT INTO entity(id, code, text_id, entity_type_id) VALUES (86, 'GRL', 88, 1);
INSERT INTO text(id, default_value) VALUES (89, 'GRENADA');
INSERT INTO entity(id, code, text_id, entity_type_id) VALUES (87, 'GRD', 89, 1);
INSERT INTO text(id, default_value) VALUES (90, 'GUADELOUPE');
INSERT INTO entity(id, code, text_id, entity_type_id) VALUES (88, 'GLP', 90, 1);
INSERT INTO text(id, default_value) VALUES (91, 'GUAM');
INSERT INTO entity(id, code, text_id, entity_type_id) VALUES (89, 'GUM', 91, 1);
INSERT INTO text(id, default_value) VALUES (92, 'GUATEMALA');
INSERT INTO entity(id, code, text_id, entity_type_id) VALUES (90, 'GTM', 92, 1);
INSERT INTO text(id, default_value) VALUES (93, 'GUINEA');
INSERT INTO entity(id, code, text_id, entity_type_id) VALUES (91, 'GIN', 93, 1);
INSERT INTO text(id, default_value) VALUES (94, 'GUINEA-BISSAU');
INSERT INTO entity(id, code, text_id, entity_type_id) VALUES (92, 'GNB', 94, 1);
INSERT INTO text(id, default_value) VALUES (95, 'GUYANA');
INSERT INTO entity(id, code, text_id, entity_type_id) VALUES (93, 'GUY', 95, 1);
INSERT INTO text(id, default_value) VALUES (96, 'HAITI');
INSERT INTO entity(id, code, text_id, entity_type_id) VALUES (94, 'HTI', 96, 1);
INSERT INTO text(id, default_value) VALUES (97, 'HEARD AND MC DONALD ISLANDS');
INSERT INTO entity(id, code, text_id, entity_type_id) VALUES (95, 'HMD', 97, 1);
INSERT INTO text(id, default_value) VALUES (98, 'HOLY SEE (VATICAN CITY STATE)');
INSERT INTO entity(id, code, text_id, entity_type_id) VALUES (96, 'VAT', 98, 1);
INSERT INTO text(id, default_value) VALUES (99, 'HONDURAS');
INSERT INTO entity(id, code, text_id, entity_type_id) VALUES (97, 'HND', 99, 1);
INSERT INTO text(id, default_value) VALUES (100, 'HONG KONG');
INSERT INTO entity(id, code, text_id, entity_type_id) VALUES (98, 'HKG', 100, 1);
INSERT INTO text(id, default_value) VALUES (101, 'HUNGARY');
INSERT INTO entity(id, code, text_id, entity_type_id) VALUES (99, 'HUN', 101, 1);
INSERT INTO text(id, default_value) VALUES (102, 'ICELAND');
INSERT INTO entity(id, code, text_id, entity_type_id) VALUES (100, 'ISL', 102, 1);
INSERT INTO text(id, default_value) VALUES (103, 'INDIA');
INSERT INTO entity(id, code, text_id, entity_type_id) VALUES (101, 'IND', 103, 1);
INSERT INTO text(id, default_value) VALUES (104, 'INDONESIA');
INSERT INTO entity(id, code, text_id, entity_type_id) VALUES (102, 'IDN', 104, 1);
INSERT INTO text(id, default_value) VALUES (105, 'IRAN (ISLAMIC REPUBLIC OF)');
INSERT INTO entity(id, code, text_id, entity_type_id) VALUES (103, 'IRN', 105, 1);
INSERT INTO text(id, default_value) VALUES (106, 'IRAQ');
INSERT INTO entity(id, code, text_id, entity_type_id) VALUES (104, 'IRQ', 106, 1);
INSERT INTO text(id, default_value) VALUES (107, 'IRELAND');
INSERT INTO entity(id, code, text_id, entity_type_id) VALUES (105, 'IRL', 107, 1);
INSERT INTO text(id, default_value) VALUES (108, 'ISRAEL');
INSERT INTO entity(id, code, text_id, entity_type_id) VALUES (106, 'ISR', 108, 1);
INSERT INTO text(id, default_value) VALUES (109, 'ITALY');
INSERT INTO entity(id, code, text_id, entity_type_id) VALUES (107, 'ITA', 109, 1);
INSERT INTO text(id, default_value) VALUES (110, 'JAMAICA');
INSERT INTO entity(id, code, text_id, entity_type_id) VALUES (108, 'JAM', 110, 1);
INSERT INTO text(id, default_value) VALUES (111, 'JAPAN');
INSERT INTO entity(id, code, text_id, entity_type_id) VALUES (109, 'JPN', 111, 1);
INSERT INTO text(id, default_value) VALUES (112, 'JORDAN');
INSERT INTO entity(id, code, text_id, entity_type_id) VALUES (110, 'JOR', 112, 1);
INSERT INTO text(id, default_value) VALUES (113, 'KAZAKHSTAN');
INSERT INTO entity(id, code, text_id, entity_type_id) VALUES (111, 'KAZ', 113, 1);
INSERT INTO text(id, default_value) VALUES (114, 'KENYA');
INSERT INTO entity(id, code, text_id, entity_type_id) VALUES (112, 'KEN', 114, 1);
INSERT INTO text(id, default_value) VALUES (115, 'KIRIBATI');
INSERT INTO entity(id, code, text_id, entity_type_id) VALUES (113, 'KIR', 115, 1);
INSERT INTO text(id, default_value) VALUES (116, 'KOREA, D.P.R.O.');
INSERT INTO entity(id, code, text_id, entity_type_id) VALUES (114, 'PRK', 116, 1);
INSERT INTO text(id, default_value) VALUES (117, 'KOREA, REPUBLIC OF');
INSERT INTO entity(id, code, text_id, entity_type_id) VALUES (115, 'KOR', 117, 1);
INSERT INTO text(id, default_value) VALUES (118, 'KUWAIT');
INSERT INTO entity(id, code, text_id, entity_type_id) VALUES (116, 'KWT', 118, 1);
INSERT INTO text(id, default_value) VALUES (119, 'KYRGYZSTAN');
INSERT INTO entity(id, code, text_id, entity_type_id) VALUES (117, 'KGZ', 119, 1);
INSERT INTO text(id, default_value) VALUES (120, 'LAOS ');
INSERT INTO entity(id, code, text_id, entity_type_id) VALUES (118, 'LAO', 120, 1);
INSERT INTO text(id, default_value) VALUES (121, 'LATVIA');
INSERT INTO entity(id, code, text_id, entity_type_id) VALUES (119, 'LVA', 121, 1);
INSERT INTO text(id, default_value) VALUES (122, 'LEBANON');
INSERT INTO entity(id, code, text_id, entity_type_id) VALUES (120, 'LBN', 122, 1);
INSERT INTO text(id, default_value) VALUES (123, 'LESOTHO');
INSERT INTO entity(id, code, text_id, entity_type_id) VALUES (121, 'LSO', 123, 1);
INSERT INTO text(id, default_value) VALUES (124, 'LIBERIA');
INSERT INTO entity(id, code, text_id, entity_type_id) VALUES (122, 'LBR', 124, 1);
INSERT INTO text(id, default_value) VALUES (125, 'LIBYAN ARAB JAMAHIRIYA');
INSERT INTO entity(id, code, text_id, entity_type_id) VALUES (123, 'LBY', 125, 1);
INSERT INTO text(id, default_value) VALUES (126, 'LIECHTENSTEIN');
INSERT INTO entity(id, code, text_id, entity_type_id) VALUES (124, 'LIE', 126, 1);
INSERT INTO text(id, default_value) VALUES (127, 'LITHUANIA');
INSERT INTO entity(id, code, text_id, entity_type_id) VALUES (125, 'LTU', 127, 1);
INSERT INTO text(id, default_value) VALUES (128, 'LUXEMBURG');
INSERT INTO entity(id, code, text_id, entity_type_id) VALUES (126, 'LUX', 128, 1);
INSERT INTO text(id, default_value) VALUES (129, 'MACAU');
INSERT INTO entity(id, code, text_id, entity_type_id) VALUES (127, 'MAC', 129, 1);
INSERT INTO text(id, default_value) VALUES (130, 'MACEDONIA');
INSERT INTO entity(id, code, text_id, entity_type_id) VALUES (128, 'MKD', 130, 1);
INSERT INTO text(id, default_value) VALUES (131, 'MADAGASCAR');
INSERT INTO entity(id, code, text_id, entity_type_id) VALUES (129, 'MDG', 131, 1);
INSERT INTO text(id, default_value) VALUES (132, 'MALAWI');
INSERT INTO entity(id, code, text_id, entity_type_id) VALUES (130, 'MWI', 132, 1);
INSERT INTO text(id, default_value) VALUES (133, 'MALAYSIA');
INSERT INTO entity(id, code, text_id, entity_type_id) VALUES (131, 'MYS', 133, 1);
INSERT INTO text(id, default_value) VALUES (134, 'MALDIVES');
INSERT INTO entity(id, code, text_id, entity_type_id) VALUES (132, 'MDV', 134, 1);
INSERT INTO text(id, default_value) VALUES (135, 'MALI');
INSERT INTO entity(id, code, text_id, entity_type_id) VALUES (133, 'MLI', 135, 1);
INSERT INTO text(id, default_value) VALUES (136, 'MALTA');
INSERT INTO entity(id, code, text_id, entity_type_id) VALUES (134, 'MLT', 136, 1);
INSERT INTO text(id, default_value) VALUES (137, 'MARSHALL ISLANDS');
INSERT INTO entity(id, code, text_id, entity_type_id) VALUES (135, 'MHL', 137, 1);
INSERT INTO text(id, default_value) VALUES (138, 'MARTINIQUE');
INSERT INTO entity(id, code, text_id, entity_type_id) VALUES (136, 'MTQ', 138, 1);
INSERT INTO text(id, default_value) VALUES (139, 'MAURITANIA');
INSERT INTO entity(id, code, text_id, entity_type_id) VALUES (137, 'MRT', 139, 1);
INSERT INTO text(id, default_value) VALUES (140, 'MAURITIUS');
INSERT INTO entity(id, code, text_id, entity_type_id) VALUES (138, 'MUS', 140, 1);
INSERT INTO text(id, default_value) VALUES (141, 'MAYOTTE');
INSERT INTO entity(id, code, text_id, entity_type_id) VALUES (139, 'MYT', 141, 1);
INSERT INTO text(id, default_value) VALUES (142, 'MEXICO');
INSERT INTO entity(id, code, text_id, entity_type_id) VALUES (140, 'MEX', 142, 1);
INSERT INTO text(id, default_value) VALUES (143, 'MICRONESIA, FEDERATED STATES OF');
INSERT INTO entity(id, code, text_id, entity_type_id) VALUES (141, 'FSM', 143, 1);
INSERT INTO text(id, default_value) VALUES (144, 'MOLDOVA, REPUBLIC OF');
INSERT INTO entity(id, code, text_id, entity_type_id) VALUES (142, 'MDA', 144, 1);
INSERT INTO text(id, default_value) VALUES (145, 'MONACO');
INSERT INTO entity(id, code, text_id, entity_type_id) VALUES (143, 'MCO', 145, 1);
INSERT INTO text(id, default_value) VALUES (146, 'MONGOLIA');
INSERT INTO entity(id, code, text_id, entity_type_id) VALUES (144, 'MNG', 146, 1);
INSERT INTO text(id, default_value) VALUES (147, 'MONTENEGRO');
INSERT INTO entity(id, code, text_id, entity_type_id) VALUES (145, 'MNE', 147, 1);
INSERT INTO text(id, default_value) VALUES (148, 'MONTSERRAT');
INSERT INTO entity(id, code, text_id, entity_type_id) VALUES (146, 'MSR', 148, 1);
INSERT INTO text(id, default_value) VALUES (149, 'MOROCCO');
INSERT INTO entity(id, code, text_id, entity_type_id) VALUES (147, 'MAR', 149, 1);
INSERT INTO text(id, default_value) VALUES (150, 'MOZAMBIQUE');
INSERT INTO entity(id, code, text_id, entity_type_id) VALUES (148, 'MOZ', 150, 1);
INSERT INTO text(id, default_value) VALUES (151, 'MYANMAR (Burma) ');
INSERT INTO entity(id, code, text_id, entity_type_id) VALUES (149, 'MMR', 151, 1);
INSERT INTO text(id, default_value) VALUES (152, 'NAMIBIA');
INSERT INTO entity(id, code, text_id, entity_type_id) VALUES (150, 'NAM', 152, 1);
INSERT INTO text(id, default_value) VALUES (153, 'NAURU');
INSERT INTO entity(id, code, text_id, entity_type_id) VALUES (151, 'NRU', 153, 1);
INSERT INTO text(id, default_value) VALUES (154, 'NEPAL');
INSERT INTO entity(id, code, text_id, entity_type_id) VALUES (152, 'NPL', 154, 1);
INSERT INTO text(id, default_value) VALUES (155, 'NETHERLANDS');
INSERT INTO entity(id, code, text_id, entity_type_id) VALUES (153, 'NLD', 155, 1);
INSERT INTO text(id, default_value) VALUES (156, 'NETHERLANDS ANTILLES');
INSERT INTO entity(id, code, text_id, entity_type_id) VALUES (154, 'ANT', 156, 1);
INSERT INTO text(id, default_value) VALUES (157, 'NEW CALEDONIA');
INSERT INTO entity(id, code, text_id, entity_type_id) VALUES (155, 'NCL', 157, 1);
INSERT INTO text(id, default_value) VALUES (158, 'NEW ZEALAND');
INSERT INTO entity(id, code, text_id, entity_type_id) VALUES (156, 'NZL', 158, 1);
INSERT INTO text(id, default_value) VALUES (159, 'NICARAGUA');
INSERT INTO entity(id, code, text_id, entity_type_id) VALUES (157, 'NIC', 159, 1);
INSERT INTO text(id, default_value) VALUES (160, 'NIGER');
INSERT INTO entity(id, code, text_id, entity_type_id) VALUES (158, 'NER', 160, 1);
INSERT INTO text(id, default_value) VALUES (161, 'NIGERIA');
INSERT INTO entity(id, code, text_id, entity_type_id) VALUES (159, 'NGA', 161, 1);
INSERT INTO text(id, default_value) VALUES (162, 'NIUE');
INSERT INTO entity(id, code, text_id, entity_type_id) VALUES (160, 'NIU', 162, 1);
INSERT INTO text(id, default_value) VALUES (163, 'NORFOLK ISLAND');
INSERT INTO entity(id, code, text_id, entity_type_id) VALUES (161, 'NFK', 163, 1);
INSERT INTO text(id, default_value) VALUES (164, 'NORTHERN MARIANA ISLANDS');
INSERT INTO entity(id, code, text_id, entity_type_id) VALUES (162, 'MNP', 164, 1);
INSERT INTO text(id, default_value) VALUES (165, 'NORWAY');
INSERT INTO entity(id, code, text_id, entity_type_id) VALUES (163, 'NOR', 165, 1);
INSERT INTO text(id, default_value) VALUES (166, 'OMAN');
INSERT INTO entity(id, code, text_id, entity_type_id) VALUES (164, 'OMN', 166, 1);
INSERT INTO text(id, default_value) VALUES (167, 'PAKISTAN');
INSERT INTO entity(id, code, text_id, entity_type_id) VALUES (165, 'PAK', 167, 1);
INSERT INTO text(id, default_value) VALUES (168, 'PALAU');
INSERT INTO entity(id, code, text_id, entity_type_id) VALUES (166, 'PLW', 168, 1);
INSERT INTO text(id, default_value) VALUES (169, 'PANAMA');
INSERT INTO entity(id, code, text_id, entity_type_id) VALUES (167, 'PAN', 169, 1);
INSERT INTO text(id, default_value) VALUES (170, 'PAPUA NEW GUINEA');
INSERT INTO entity(id, code, text_id, entity_type_id) VALUES (168, 'PNG', 170, 1);
INSERT INTO text(id, default_value) VALUES (171, 'PARAGUAY');
INSERT INTO entity(id, code, text_id, entity_type_id) VALUES (169, 'PRY', 171, 1);
INSERT INTO text(id, default_value) VALUES (172, 'PERU');
INSERT INTO entity(id, code, text_id, entity_type_id) VALUES (170, 'PER', 172, 1);
INSERT INTO text(id, default_value) VALUES (173, 'PHILIPPINES');
INSERT INTO entity(id, code, text_id, entity_type_id) VALUES (171, 'PHL', 173, 1);
INSERT INTO text(id, default_value) VALUES (174, 'PITCAIRN');
INSERT INTO entity(id, code, text_id, entity_type_id) VALUES (172, 'PCN', 174, 1);
INSERT INTO text(id, default_value) VALUES (175, 'POLAND');
INSERT INTO entity(id, code, text_id, entity_type_id) VALUES (173, 'POL', 175, 1);
INSERT INTO text(id, default_value) VALUES (176, 'PORTUGAL');
INSERT INTO entity(id, code, text_id, entity_type_id) VALUES (174, 'PRT', 176, 1);
INSERT INTO text(id, default_value) VALUES (177, 'PUERTO RICO');
INSERT INTO entity(id, code, text_id, entity_type_id) VALUES (175, 'PRI', 177, 1);
INSERT INTO text(id, default_value) VALUES (178, 'QATAR');
INSERT INTO entity(id, code, text_id, entity_type_id) VALUES (176, 'QAT', 178, 1);
INSERT INTO text(id, default_value) VALUES (179, 'REUNION');
INSERT INTO entity(id, code, text_id, entity_type_id) VALUES (177, 'REU', 179, 1);
INSERT INTO text(id, default_value) VALUES (180, 'ROMANIA');
INSERT INTO entity(id, code, text_id, entity_type_id) VALUES (178, 'ROM', 180, 1);
INSERT INTO text(id, default_value) VALUES (181, 'RUSSIA');
INSERT INTO entity(id, code, text_id, entity_type_id) VALUES (179, 'RUS', 181, 1);
INSERT INTO text(id, default_value) VALUES (182, 'RWANDA');
INSERT INTO entity(id, code, text_id, entity_type_id) VALUES (180, 'RWA', 182, 1);
INSERT INTO text(id, default_value) VALUES (183, 'SAINT KITTS AND NEVIS');
INSERT INTO entity(id, code, text_id, entity_type_id) VALUES (181, 'KNA', 183, 1);
INSERT INTO text(id, default_value) VALUES (184, 'SAINT LUCIA');
INSERT INTO entity(id, code, text_id, entity_type_id) VALUES (182, 'LCA', 184, 1);
INSERT INTO text(id, default_value) VALUES (185, 'SAINT VINCENT AND THE GRENADINES');
INSERT INTO entity(id, code, text_id, entity_type_id) VALUES (183, 'VCT', 185, 1);
INSERT INTO text(id, default_value) VALUES (186, 'SAMOA');
INSERT INTO entity(id, code, text_id, entity_type_id) VALUES (184, 'WSM', 186, 1);
INSERT INTO text(id, default_value) VALUES (187, 'SAN MARINO');
INSERT INTO entity(id, code, text_id, entity_type_id) VALUES (185, 'SMR', 187, 1);
INSERT INTO text(id, default_value) VALUES (188, 'SAO TOME AND PRINCIPE');
INSERT INTO entity(id, code, text_id, entity_type_id) VALUES (186, 'STP', 188, 1);
INSERT INTO text(id, default_value) VALUES (189, 'SAUDI ARABIA');
INSERT INTO entity(id, code, text_id, entity_type_id) VALUES (187, 'SAU', 189, 1);
INSERT INTO text(id, default_value) VALUES (190, 'SENEGAL');
INSERT INTO entity(id, code, text_id, entity_type_id) VALUES (188, 'SEN', 190, 1);
INSERT INTO text(id, default_value) VALUES (191, 'SERBIA');
INSERT INTO entity(id, code, text_id, entity_type_id) VALUES (189, 'SRB', 191, 1);
INSERT INTO text(id, default_value) VALUES (192, 'SEYCHELLES');
INSERT INTO entity(id, code, text_id, entity_type_id) VALUES (190, 'SYC', 192, 1);
INSERT INTO text(id, default_value) VALUES (193, 'SIERRA LEONE');
INSERT INTO entity(id, code, text_id, entity_type_id) VALUES (191, 'SLE', 193, 1);
INSERT INTO text(id, default_value) VALUES (194, 'SINGAPORE');
INSERT INTO entity(id, code, text_id, entity_type_id) VALUES (192, 'SGP', 194, 1);
INSERT INTO text(id, default_value) VALUES (195, 'SLOVAKIA (Slovak Republic)');
INSERT INTO entity(id, code, text_id, entity_type_id) VALUES (193, 'SVK', 195, 1);
INSERT INTO text(id, default_value) VALUES (196, 'SLOVENIA');
INSERT INTO entity(id, code, text_id, entity_type_id) VALUES (194, 'SVN', 196, 1);
INSERT INTO text(id, default_value) VALUES (197, 'SOLOMON ISLANDS');
INSERT INTO entity(id, code, text_id, entity_type_id) VALUES (195, 'SLB', 197, 1);
INSERT INTO text(id, default_value) VALUES (198, 'SOMALIA');
INSERT INTO entity(id, code, text_id, entity_type_id) VALUES (196, 'SOM', 198, 1);
INSERT INTO text(id, default_value) VALUES (199, 'SOUTH AFRICA');
INSERT INTO entity(id, code, text_id, entity_type_id) VALUES (197, 'ZAF', 199, 1);
INSERT INTO text(id, default_value) VALUES (200, 'SOUTH SUDAN');
INSERT INTO entity(id, code, text_id, entity_type_id) VALUES (198, 'SSD', 200, 1);
INSERT INTO text(id, default_value) VALUES (201, 'SOUTH GEORGIA AND SOUTH S.S.');
INSERT INTO entity(id, code, text_id, entity_type_id) VALUES (199, 'SGS', 201, 1);
INSERT INTO text(id, default_value) VALUES (202, 'SPAIN');
INSERT INTO entity(id, code, text_id, entity_type_id) VALUES (200, 'ESP', 202, 1);
INSERT INTO text(id, default_value) VALUES (203, 'SRI LANKA');
INSERT INTO entity(id, code, text_id, entity_type_id) VALUES (201, 'LKA', 203, 1);
INSERT INTO text(id, default_value) VALUES (204, 'ST. HELENA');
INSERT INTO entity(id, code, text_id, entity_type_id) VALUES (202, 'SHN', 204, 1);
INSERT INTO text(id, default_value) VALUES (205, 'ST. PIERRE AND MIQUELON');
INSERT INTO entity(id, code, text_id, entity_type_id) VALUES (203, 'SPM', 205, 1);
INSERT INTO text(id, default_value) VALUES (206, 'SUDAN');
INSERT INTO entity(id, code, text_id, entity_type_id) VALUES (204, 'SDN', 206, 1);
INSERT INTO text(id, default_value) VALUES (207, 'SURINAME');
INSERT INTO entity(id, code, text_id, entity_type_id) VALUES (205, 'SUR', 207, 1);
INSERT INTO text(id, default_value) VALUES (208, 'SVALBARD AND JAN MAYEN ISLANDS');
INSERT INTO entity(id, code, text_id, entity_type_id) VALUES (206, 'SJM', 208, 1);
INSERT INTO text(id, default_value) VALUES (209, 'SWAZILAND');
INSERT INTO entity(id, code, text_id, entity_type_id) VALUES (207, 'SWZ', 209, 1);
INSERT INTO text(id, default_value) VALUES (210, 'SWEDEN');
INSERT INTO entity(id, code, text_id, entity_type_id) VALUES (208, 'SWE', 210, 1);
INSERT INTO text(id, default_value) VALUES (211, 'SWITZERLAND');
INSERT INTO entity(id, code, text_id, entity_type_id) VALUES (209, 'CHE', 211, 1);
INSERT INTO text(id, default_value) VALUES (212, 'SYRIAN ARAB REPUBLIC');
INSERT INTO entity(id, code, text_id, entity_type_id) VALUES (210, 'SYR', 212, 1);
INSERT INTO text(id, default_value) VALUES (213, 'TAIWAN, PROVINCE OF CHINA');
INSERT INTO entity(id, code, text_id, entity_type_id) VALUES (211, 'TWN', 213, 1);
INSERT INTO text(id, default_value) VALUES (214, 'TAJIKISTAN');
INSERT INTO entity(id, code, text_id, entity_type_id) VALUES (212, 'TJK', 214, 1);
INSERT INTO text(id, default_value) VALUES (215, 'TANZANIA, UNITED REPUBLIC OF');
INSERT INTO entity(id, code, text_id, entity_type_id) VALUES (213, 'TZA', 215, 1);
INSERT INTO text(id, default_value) VALUES (216, 'THAILAND');
INSERT INTO entity(id, code, text_id, entity_type_id) VALUES (214, 'THA', 216, 1);
INSERT INTO text(id, default_value) VALUES (217, 'TOGO');
INSERT INTO entity(id, code, text_id, entity_type_id) VALUES (215, 'TGO', 217, 1);
INSERT INTO text(id, default_value) VALUES (218, 'TOKELAU');
INSERT INTO entity(id, code, text_id, entity_type_id) VALUES (216, 'TKL', 218, 1);
INSERT INTO text(id, default_value) VALUES (219, 'TONGA');
INSERT INTO entity(id, code, text_id, entity_type_id) VALUES (217, 'TON', 219, 1);
INSERT INTO text(id, default_value) VALUES (220, 'TRINIDAD AND TOBAGO');
INSERT INTO entity(id, code, text_id, entity_type_id) VALUES (218, 'TTO', 220, 1);
INSERT INTO text(id, default_value) VALUES (221, 'TUNISIA');
INSERT INTO entity(id, code, text_id, entity_type_id) VALUES (219, 'TUN', 221, 1);
INSERT INTO text(id, default_value) VALUES (222, 'TURKEY');
INSERT INTO entity(id, code, text_id, entity_type_id) VALUES (220, 'TUR', 222, 1);
INSERT INTO text(id, default_value) VALUES (223, 'TURKMENISTAN');
INSERT INTO entity(id, code, text_id, entity_type_id) VALUES (221, 'TKM', 223, 1);
INSERT INTO text(id, default_value) VALUES (224, 'TURKS AND CAICOS ISLANDS');
INSERT INTO entity(id, code, text_id, entity_type_id) VALUES (222, 'TCA', 224, 1);
INSERT INTO text(id, default_value) VALUES (225, 'TUVALU');
INSERT INTO entity(id, code, text_id, entity_type_id) VALUES (223, 'TUV', 225, 1);
INSERT INTO text(id, default_value) VALUES (226, 'UGANDA');
INSERT INTO entity(id, code, text_id, entity_type_id) VALUES (224, 'UGA', 226, 1);
INSERT INTO text(id, default_value) VALUES (227, 'UKRAINE');
INSERT INTO entity(id, code, text_id, entity_type_id) VALUES (225, 'UKR', 227, 1);
INSERT INTO text(id, default_value) VALUES (228, 'UNITED ARAB EMIRATES');
INSERT INTO entity(id, code, text_id, entity_type_id) VALUES (226, 'ARE', 228, 1);
INSERT INTO text(id, default_value) VALUES (229, 'UNITED KINGDOM');
INSERT INTO entity(id, code, text_id, entity_type_id) VALUES (227, 'GBR', 229, 1);
INSERT INTO text(id, default_value) VALUES (230, 'UNITED STATES');
INSERT INTO entity(id, code, text_id, entity_type_id) VALUES (228, 'USA', 230, 1);
INSERT INTO text(id, default_value) VALUES (231, 'U.S. MINOR ISLANDS');
INSERT INTO entity(id, code, text_id, entity_type_id) VALUES (229, 'UMI', 231, 1);
INSERT INTO text(id, default_value) VALUES (232, 'URUGUAY');
INSERT INTO entity(id, code, text_id, entity_type_id) VALUES (230, 'URY', 232, 1);
INSERT INTO text(id, default_value) VALUES (233, 'UZBEKISTAN');
INSERT INTO entity(id, code, text_id, entity_type_id) VALUES (231, 'UZB', 233, 1);
INSERT INTO text(id, default_value) VALUES (234, 'VANUATU');
INSERT INTO entity(id, code, text_id, entity_type_id) VALUES (232, 'VUT', 234, 1);
INSERT INTO text(id, default_value) VALUES (235, 'VENEZUELA');
INSERT INTO entity(id, code, text_id, entity_type_id) VALUES (233, 'VEN', 235, 1);
INSERT INTO text(id, default_value) VALUES (236, 'VIET NAM');
INSERT INTO entity(id, code, text_id, entity_type_id) VALUES (234, 'VNM', 236, 1);
INSERT INTO text(id, default_value) VALUES (237, 'VIRGIN ISLANDS (BRITISH)');
INSERT INTO entity(id, code, text_id, entity_type_id) VALUES (235, 'VGB', 237, 1);
INSERT INTO text(id, default_value) VALUES (238, 'VIRGIN ISLANDS (U.S.)');
INSERT INTO entity(id, code, text_id, entity_type_id) VALUES (236, 'VIR', 238, 1);
INSERT INTO text(id, default_value) VALUES (239, 'WALLIS AND FUTUNA ISLANDS');
INSERT INTO entity(id, code, text_id, entity_type_id) VALUES (237, 'WLF', 239, 1);
INSERT INTO text(id, default_value) VALUES (240, 'WESTERN SAHARA');
INSERT INTO entity(id, code, text_id, entity_type_id) VALUES (238, 'ESH', 240, 1);
INSERT INTO text(id, default_value) VALUES (241, 'YEMEN');
INSERT INTO entity(id, code, text_id, entity_type_id) VALUES (239, 'YEM', 241, 1);
INSERT INTO text(id, default_value) VALUES (242, 'ZAMBIA');
INSERT INTO entity(id, code, text_id, entity_type_id) VALUES (240, 'ZMB', 242, 1);
INSERT INTO text(id, default_value) VALUES (243, 'ZIMBABWE ');
INSERT INTO entity(id, code, text_id, entity_type_id) VALUES (241, 'ZWE ', 243, 1);

ALTER SEQUENCE entity_type_seq RESTART WITH 3;
ALTER SEQUENCE entity_seq RESTART WITH 242;
ALTER SEQUENCE text_seq RESTART WITH 244;
